https://odds.500.com/fenxi/shuju-669232.shtml,1:2,VS
https://odds.500.com/fenxi/shuju-669243.shtml,0:3,VS
https://odds.500.com/fenxi/shuju-669229.shtml,6:0,VS
https://odds.500.com/fenxi/shuju-669233.shtml,2:1,VS
https://odds.500.com/fenxi/shuju-669231.shtml,3:1,VS
https://odds.500.com/fenxi/shuju-669230.shtml,1:2,VS
https://odds.500.com/fenxi/shuju-670301.shtml,1:2,VS
https://odds.500.com/fenxi/shuju-1072594.shtml,1:0,1:1
https://odds.500.com/fenxi/shuju-1076285.shtml,0:0,1:1
https://odds.500.com/fenxi/shuju-1023004.shtml,0:0,VS
https://odds.500.com/fenxi/shuju-1040278.shtml,0:0,0:1
https://odds.500.com/fenxi/shuju-1081964.shtml,0:3,3:0
https://odds.500.com/fenxi/shuju-549932.shtml,0:2,VS
https://odds.500.com/fenxi/shuju-104965.shtml,0:0,VS
https://odds.500.com/fenxi/shuju-101777.shtml,2:2,VS
https://odds.500.com/fenxi/shuju-214128.shtml,2:2,VS
https://odds.500.com/fenxi/shuju-92929.shtml,0:0,VS
https://odds.500.com/fenxi/shuju-92921.shtml,0:0,VS
https://odds.500.com/fenxi/shuju-1007276.shtml,0:0,VS
https://odds.500.com/fenxi/shuju-541480.shtml,3:1,VS
https://odds.500.com/fenxi/shuju-541478.shtml,1:1,VS
https://odds.500.com/fenxi/shuju-1087803.shtml,0:0,4:2
,,
https://odds.500.com/fenxi/shuju-40555.shtml,3:1,VS
https://odds.500.com/fenxi/shuju-116141.shtml,1:2,VS
https://odds.500.com/fenxi/shuju-90845.shtml,0:0,VS
https://odds.500.com/fenxi/shuju-137064.shtml,1:0,VS
https://odds.500.com/fenxi/shuju-140198.shtml,3:0,VS
https://odds.500.com/fenxi/shuju-140217.shtml,1:2,VS
https://odds.500.com/fenxi/shuju-140208.shtml,2:0,VS
https://odds.500.com/fenxi/shuju-140204.shtml,0:2,VS
https://odds.500.com/fenxi/shuju-140264.shtml,2:2,VS
https://odds.500.com/fenxi/shuju-140194.shtml,0:4,VS
https://odds.500.com/fenxi/shuju-140186.shtml,2:1,VS
https://odds.500.com/fenxi/shuju-140179.shtml,0:1,VS
https://odds.500.com/fenxi/shuju-140175.shtml,0:2,VS
https://odds.500.com/fenxi/shuju-139979.shtml,0:2,VS
https://odds.500.com/fenxi/shuju-139131.shtml,1:2,VS
https://odds.500.com/fenxi/shuju-139126.shtml,1:0,VS
https://odds.500.com/fenxi/shuju-138349.shtml,0:0,VS
https://odds.500.com/fenxi/shuju-138252.shtml,1:1,VS
https://odds.500.com/fenxi/shuju-137341.shtml,0:1,VS
https://odds.500.com/fenxi/shuju-103956.shtml,0:0,VS
https://odds.500.com/fenxi/shuju-136472.shtml,1:0,VS
https://odds.500.com/fenxi/shuju-1075191.shtml,0:0,2:0
https://odds.500.com/fenxi/shuju-1075189.shtml,0:0,0:1
https://odds.500.com/fenxi/shuju-1075182.shtml,0:0,2:1
https://odds.500.com/fenxi/shuju-1075155.shtml,0:0,1:0
https://odds.500.com/fenxi/shuju-1075156.shtml,0:0,1:6
https://odds.500.com/fenxi/shuju-1075158.shtml,0:0,2:4
https://odds.500.com/fenxi/shuju-1075159.shtml,0:0,2:1
https://odds.500.com/fenxi/shuju-1075160.shtml,0:0,5:1
https://odds.500.com/fenxi/shuju-137064.shtml,1:0,VS
https://odds.500.com/fenxi/shuju-140198.shtml,3:0,VS
https://odds.500.com/fenxi/shuju-140217.shtml,1:2,VS
https://odds.500.com/fenxi/shuju-140208.shtml,2:0,VS
https://odds.500.com/fenxi/shuju-140204.shtml,0:2,VS
https://odds.500.com/fenxi/shuju-140264.shtml,2:2,VS
https://odds.500.com/fenxi/shuju-140194.shtml,0:4,VS
https://odds.500.com/fenxi/shuju-140186.shtml,2:1,VS
https://odds.500.com/fenxi/shuju-140179.shtml,0:1,VS
https://odds.500.com/fenxi/shuju-140175.shtml,0:2,VS
https://odds.500.com/fenxi/shuju-139979.shtml,0:2,VS
https://odds.500.com/fenxi/shuju-139131.shtml,1:2,VS
https://odds.500.com/fenxi/shuju-139126.shtml,1:0,VS
https://odds.500.com/fenxi/shuju-138349.shtml,0:0,VS
https://odds.500.com/fenxi/shuju-138252.shtml,1:1,VS
https://odds.500.com/fenxi/shuju-137341.shtml,0:1,VS
https://odds.500.com/fenxi/shuju-103956.shtml,0:0,VS
https://odds.500.com/fenxi/shuju-136472.shtml,1:0,VS
https://odds.500.com/fenxi/shuju-1075191.shtml,0:0,2:0
https://odds.500.com/fenxi/shuju-1075189.shtml,0:0,0:1
https://odds.500.com/fenxi/shuju-1075182.shtml,0:0,2:1
https://odds.500.com/fenxi/shuju-1075155.shtml,0:0,1:0
https://odds.500.com/fenxi/shuju-1075156.shtml,0:0,1:6
https://odds.500.com/fenxi/shuju-1075158.shtml,0:0,2:4
https://odds.500.com/fenxi/shuju-1075159.shtml,0:0,2:1
https://odds.500.com/fenxi/shuju-1075160.shtml,0:0,5:1
https://odds.500.com/fenxi/shuju-1087823.shtml,1:1,1:3
https://odds.500.com/fenxi/shuju-1087811.shtml,1:1,3:1
https://odds.500.com/fenxi/shuju-1087787.shtml,0:1,0:2
https://odds.500.com/fenxi/shuju-1087810.shtml,1:0,2:1
https://odds.500.com/fenxi/shuju-1087823.shtml,1:1,1:3
https://odds.500.com/fenxi/shuju-1087811.shtml,1:1,3:1
https://odds.500.com/fenxi/shuju-1087787.shtml,0:1,0:2
https://odds.500.com/fenxi/shuju-1087810.shtml,1:0,2:1
https://odds.500.com/fenxi/shuju-414287.shtml,1:1,VS
https://odds.500.com/fenxi/shuju-1069339.shtml,0:0,VS
https://odds.500.com/fenxi/shuju-1069341.shtml,0:0,VS
https://odds.500.com/fenxi/shuju-885304.shtml,2:2,VS
https://odds.500.com/fenxi/shuju-755440.shtml,3:0,VS
https://odds.500.com/fenxi/shuju-414287.shtml,1:1,VS
https://odds.500.com/fenxi/shuju-1069339.shtml,0:0,VS
https://odds.500.com/fenxi/shuju-1069341.shtml,0:0,VS
https://odds.500.com/fenxi/shuju-885304.shtml,2:2,VS
https://odds.500.com/fenxi/shuju-755440.shtml,3:0,VS
https://odds.500.com/fenxi/shuju-1074008.shtml,1:0,2:1
https://odds.500.com/fenxi/shuju-1083253.shtml,2:0,4:1
https://odds.500.com/fenxi/shuju-1104640.shtml,4:0,1:0
https://odds.500.com/fenxi/shuju-597778.shtml,2:1,VS
https://odds.500.com/fenxi/shuju-604926.shtml,0:0,VS
https://odds.500.com/fenxi/shuju-604927.shtml,0:7,VS
https://odds.500.com/fenxi/shuju-1085603.shtml,0:0,VS
https://odds.500.com/fenxi/shuju-1118602.shtml,1:2,1:3
https://odds.500.com/fenxi/shuju-268595.shtml,0:0,VS
https://odds.500.com/fenxi/shuju-1106527.shtml,5:2,1:2
https://odds.500.com/fenxi/shuju-1092475.shtml,1:1,5:1
https://odds.500.com/fenxi/shuju-1092481.shtml,1:1,1:2
https://odds.500.com/fenxi/shuju-1092476.shtml,1:0,2:3
https://odds.500.com/fenxi/shuju-1092479.shtml,0:0,1:0
https://odds.500.com/fenxi/shuju-1093980.shtml,1:0,0:1
https://odds.500.com/fenxi/shuju-1099936.shtml,4:2,1:1
https://odds.500.com/fenxi/shuju-1119149.shtml,0:0,2:0
https://odds.500.com/fenxi/shuju-1119148.shtml,0:0,1:1
https://odds.500.com/fenxi/shuju-1114511.shtml,0:1,1:0
https://odds.500.com/fenxi/shuju-1092490.shtml,2:0,3:2
https://odds.500.com/fenxi/shuju-1120963.shtml,3:0,4:0
https://odds.500.com/fenxi/shuju-1121911.shtml,1:1,2:1
https://odds.500.com/fenxi/shuju-1121909.shtml,0:0,0:1
https://odds.500.com/fenxi/shuju-1105358.shtml,0:1,VS
https://odds.500.com/fenxi/shuju-1105074.shtml,0:0,0:1
https://odds.500.com/fenxi/shuju-1108641.shtml,1:1,1:2
https://odds.500.com/fenxi/shuju-1103769.shtml,0:0,6:0
https://odds.500.com/fenxi/shuju-1116065.shtml,1:0,3:2
https://odds.500.com/fenxi/shuju-1094058.shtml,1:1,0:2
https://odds.500.com/fenxi/shuju-1120493.shtml,3:1,1:3
https://odds.500.com/fenxi/shuju-1093267.shtml,3:0,0:3
https://odds.500.com/fenxi/shuju-1107776.shtml,0:0,2:0
https://odds.500.com/fenxi/shuju-1125970.shtml,0:1,0:0
https://odds.500.com/fenxi/shuju-1057398.shtml,1:0,VS
https://odds.500.com/fenxi/shuju-1115353.shtml,2:1,2:2
https://odds.500.com/fenxi/shuju-146280.shtml,0:0,VS
https://odds.500.com/fenxi/shuju-1104392.shtml,0:0,2:0
https://odds.500.com/fenxi/shuju-1120550.shtml,1:0,2:2
https://odds.500.com/fenxi/shuju-1131459.shtml,3:1,1:3
https://odds.500.com/fenxi/shuju-1115641.shtml,1:2,0:5
https://odds.500.com/fenxi/shuju-1113285.shtml,1:1,VS
https://odds.500.com/fenxi/shuju-1113286.shtml,0:2,VS
https://odds.500.com/fenxi/shuju-1134170.shtml,4:1,0:4
https://odds.500.com/fenxi/shuju-1131581.shtml,3:0,5:0
https://odds.500.com/fenxi/shuju-1131580.shtml,0:1,1:2
https://odds.500.com/fenxi/shuju-1101069.shtml,0:0,VS
https://odds.500.com/fenxi/shuju-1120758.shtml,0:0,2:1
https://odds.500.com/fenxi/shuju-1103823.shtml,2:1,VS
https://odds.500.com/fenxi/shuju-1129500.shtml,0:0,4:0
https://odds.500.com/fenxi/shuju-1131584.shtml,0:0,1:3
https://odds.500.com/fenxi/shuju-1115942.shtml,0:1,1:1
https://odds.500.com/fenxi/shuju-1115941.shtml,0:2,0:3
https://odds.500.com/fenxi/shuju-1105661.shtml,1:2,2:2
https://odds.500.com/fenxi/shuju-1092324.shtml,1:0,4:0
https://odds.500.com/fenxi/shuju-1104760.shtml,1:0,1:2
https://odds.500.com/fenxi/shuju-1103961.shtml,0:0,VS
https://odds.500.com/fenxi/shuju-1128774.shtml,0:0,1:0
https://odds.500.com/fenxi/shuju-1104191.shtml,0:0,0:1
https://odds.500.com/fenxi/shuju-1136332.shtml,2:0,5:0
https://odds.500.com/fenxi/shuju-1129589.shtml,1:1,2:1
https://odds.500.com/fenxi/shuju-1136335.shtml,0:0,1:0
https://odds.500.com/fenxi/shuju-1114950.shtml,0:0,VS
https://odds.500.com/fenxi/shuju-1128779.shtml,0:0,0:3
https://odds.500.com/fenxi/shuju-1128780.shtml,1:0,1:1
https://odds.500.com/fenxi/shuju-1135316.shtml,1:0,1:1
https://odds.500.com/fenxi/shuju-1114618.shtml,2:0,VS
https://odds.500.com/fenxi/shuju-1120579.shtml,0:0,3:2
https://odds.500.com/fenxi/shuju-1137977.shtml,1:0,3:0
https://odds.500.com/fenxi/shuju-1137976.shtml,0:5,0:13
https://odds.500.com/fenxi/shuju-1120582.shtml,0:0,1:0
,,
https://odds.500.com/fenxi/shuju-234406.shtml,1:2,VS
https://odds.500.com/fenxi/shuju-234415.shtml,0:0,VS
https://odds.500.com/fenxi/shuju-938594.shtml,1:0,VS
https://odds.500.com/fenxi/shuju-179854.shtml,5:2,VS
https://odds.500.com/fenxi/shuju-1068537.shtml,2:3,3:2
https://odds.500.com/fenxi/shuju-1072354.shtml,0:2,2:0
https://odds.500.com/fenxi/shuju-1075154.shtml,0:0,3:1
https://odds.500.com/fenxi/shuju-1092572.shtml,1:0,2:1
https://odds.500.com/fenxi/shuju-1068914.shtml,0:0,VS
https://odds.500.com/fenxi/shuju-1047973.shtml,1:1,VS
https://odds.500.com/fenxi/shuju-509771.shtml,0:0,VS
https://odds.500.com/fenxi/shuju-1075737.shtml,1:2,2:2
https://odds.500.com/fenxi/shuju-1085144.shtml,1:0,0:1
https://odds.500.com/fenxi/shuju-643413.shtml,2:0,VS
https://odds.500.com/fenxi/shuju-643414.shtml,5:2,VS
https://odds.500.com/fenxi/shuju-556967.shtml,2:1,VS
https://odds.500.com/fenxi/shuju-538184.shtml,3:0,VS
https://odds.500.com/fenxi/shuju-351327.shtml,0:1,VS
https://odds.500.com/fenxi/shuju-1074003.shtml,0:0,1:0
https://odds.500.com/fenxi/shuju-1092587.shtml,0:0,1:1
https://odds.500.com/fenxi/shuju-1068287.shtml,1:0,6:0
,,
https://odds.500.com/fenxi/shuju-34933.shtml,2:2,VS
https://odds.500.com/fenxi/shuju-113711.shtml,2:3,VS
https://odds.500.com/fenxi/shuju-228323.shtml,2:0,VS
https://odds.500.com/fenxi/shuju-1076297.shtml,0:0,0:2
https://odds.500.com/fenxi/shuju-135394.shtml,2:1,VS
https://odds.500.com/fenxi/shuju-150545.shtml,2:2,VS
https://odds.500.com/fenxi/shuju-1069355.shtml,0:0,VS
https://odds.500.com/fenxi/shuju-1080652.shtml,0:2,2:0
https://odds.500.com/fenxi/shuju-1087754.shtml,2:1,2:3
https://odds.500.com/fenxi/shuju-1087730.shtml,0:0,0:2
https://odds.500.com/fenxi/shuju-1087694.shtml,0:1,1:1
https://odds.500.com/fenxi/shuju-1079617.shtml,1:0,1:1
https://odds.500.com/fenxi/shuju-1083221.shtml,0:0,0:2
https://odds.500.com/fenxi/shuju-1083220.shtml,0:0,0:2
https://odds.500.com/fenxi/shuju-1083219.shtml,0:0,1:0
https://odds.500.com/fenxi/shuju-1083218.shtml,0:0,1:0
https://odds.500.com/fenxi/shuju-1075721.shtml,0:0,0:1
https://odds.500.com/fenxi/shuju-1075720.shtml,2:1,2:2
https://odds.500.com/fenxi/shuju-1075718.shtml,0:0,1:0
https://odds.500.com/fenxi/shuju-1075719.shtml,0:1,1:3
https://odds.500.com/fenxi/shuju-1075717.shtml,3:0,3:2
https://odds.500.com/fenxi/shuju-1075716.shtml,0:0,3:0
https://odds.500.com/fenxi/shuju-1075715.shtml,1:0,2:3
https://odds.500.com/fenxi/shuju-1073971.shtml,1:0,3:0
https://odds.500.com/fenxi/shuju-1073970.shtml,0:2,2:2
https://odds.500.com/fenxi/shuju-450827.shtml,5:0,VS
https://odds.500.com/fenxi/shuju-1087710.shtml,1:0,2:1
https://odds.500.com/fenxi/shuju-1087845.shtml,1:0,3:2
https://odds.500.com/fenxi/shuju-1087797.shtml,2:0,4:0
https://odds.500.com/fenxi/shuju-1087796.shtml,0:0,4:0
https://odds.500.com/fenxi/shuju-1087844.shtml,1:0,3:0
https://odds.500.com/fenxi/shuju-984587.shtml,0:0,VS